,Element,Pack,Filepath
0,ABAC,APOC_OUTL,/mnt/data/DT_ABAC_APOC_OUTL.csv
1,ABAC,APOC_SURV,/mnt/data/DT_ABAC_APOC_SURV.csv
2,ABAC,APOC_ZOMB,/mnt/data/DT_ABAC_APOC_ZOMB.csv
3,ABAC,ELVN_WARR,/mnt/data/DT_ABAC_ELVN_WARR.csv
4,ABAC,FANT_KNGT,/mnt/data/DT_ABAC_FANT_KNGT.csv
5,ABAC,FANT_SKTN,/mnt/data/DT_ABAC_FANT_SKTN.csv
6,ABAC,GOBL_FIGT,/mnt/data/DT_ABAC_GOBL_FIGT.csv
7,ABAC,PIRT_CAPT,/mnt/data/DT_ABAC_PIRT_CAPT.csv
8,ABAC,SAMR_WARR,/mnt/data/DT_ABAC_SAMR_WARR.csv
9,ABAC,SCFI_CIVL,/mnt/data/DT_ABAC_SCFI_CIVL.csv
10,ABAC,SCFI_SOLD,/mnt/data/DT_ABAC_SCFI_SOLD.csv
11,ABAC,VIKG_WARR,/mnt/data/DT_ABAC_VIKG_WARR.csv
12,AEBL,APOC_OUTL,/mnt/data/DT_AEBL_APOC_OUTL.csv
13,AEBL,ELVN_WARR,/mnt/data/DT_AEBL_ELVN_WARR.csv
14,AEBL,FANT_KNGT,/mnt/data/DT_AEBL_FANT_KNGT.csv
15,AEBL,FANT_SKTN,/mnt/data/DT_AEBL_FANT_SKTN.csv
16,AEBL,GOBL_FIGT,/mnt/data/DT_AEBL_GOBL_FIGT.csv
17,AEBL,SCFI_CIVL,/mnt/data/DT_AEBL_SCFI_CIVL.csv
18,AEBL,SCFI_SOLD,/mnt/data/DT_AEBL_SCFI_SOLD.csv
19,AEBL,VIKG_WARR,/mnt/data/DT_AEBL_VIKG_WARR.csv
20,AEBR,APOC_OUTL,/mnt/data/DT_AEBR_APOC_OUTL.csv
21,AEBR,ELVN_WARR,/mnt/data/DT_AEBR_ELVN_WARR.csv
22,AEBR,FANT_KNGT,/mnt/data/DT_AEBR_FANT_KNGT.csv
23,AEBR,FANT_SKTN,/mnt/data/DT_AEBR_FANT_SKTN.csv
24,AEBR,GOBL_FIGT,/mnt/data/DT_AEBR_GOBL_FIGT.csv
25,AEBR,SCFI_CIVL,/mnt/data/DT_AEBR_SCFI_CIVL.csv
26,AEBR,SCFI_SOLD,/mnt/data/DT_AEBR_SCFI_SOLD.csv
27,AEBR,VIKG_WARR,/mnt/data/DT_AEBR_VIKG_WARR.csv
28,AFAC,APOC_OUTL,/mnt/data/DT_AFAC_APOC_OUTL.csv
29,AFAC,APOC_SURV,/mnt/data/DT_AFAC_APOC_SURV.csv
30,AFAC,APOC_ZOMB,/mnt/data/DT_AFAC_APOC_ZOMB.csv
31,AFAC,ELVN_WARR,/mnt/data/DT_AFAC_ELVN_WARR.csv
32,AFAC,FANT_KNGT,/mnt/data/DT_AFAC_FANT_KNGT.csv
33,AFAC,FANT_SKTN,/mnt/data/DT_AFAC_FANT_SKTN.csv
34,AFAC,GOBL_FIGT,/mnt/data/DT_AFAC_GOBL_FIGT.csv
35,AFAC,PIRT_CAPT,/mnt/data/DT_AFAC_PIRT_CAPT.csv
36,AFAC,SAMR_WARR,/mnt/data/DT_AFAC_SAMR_WARR.csv
37,AFAC,SCFI_CIVL,/mnt/data/DT_AFAC_SCFI_CIVL.csv
38,AFAC,SCFI_SOLD,/mnt/data/DT_AFAC_SCFI_SOLD.csv
39,AFAC,VIKG_WARR,/mnt/data/DT_AFAC_VIKG_WARR.csv
40,AHED,APOC_OUTL,/mnt/data/DT_AHED_APOC_OUTL.csv
41,AHED,APOC_SURV,/mnt/data/DT_AHED_APOC_SURV.csv
42,AHED,APOC_ZOMB,/mnt/data/DT_AHED_APOC_ZOMB.csv
43,AHED,ELVN_WARR,/mnt/data/DT_AHED_ELVN_WARR.csv
44,AHED,FANT_KNGT,/mnt/data/DT_AHED_FANT_KNGT.csv
45,AHED,FANT_SKTN,/mnt/data/DT_AHED_FANT_SKTN.csv
46,AHED,GOBL_FIGT,/mnt/data/DT_AHED_GOBL_FIGT.csv
47,AHED,HORR_VILN,/mnt/data/DT_AHED_HORR_VILN.csv
48,AHED,PIRT_CAPT,/mnt/data/DT_AHED_PIRT_CAPT.csv
49,AHED,SAMR_WARR,/mnt/data/DT_AHED_SAMR_WARR.csv
50,AHED,SCFI_CIVL,/mnt/data/DT_AHED_SCFI_CIVL.csv
51,AHED,SCFI_SOLD,/mnt/data/DT_AHED_SCFI_SOLD.csv
52,AHED,VIKG_WARR,/mnt/data/DT_AHED_VIKG_WARR.csv
53,AHPB,APOC_OUTL,/mnt/data/DT_AHPB_APOC_OUTL.csv
54,AHPB,APOC_SURV,/mnt/data/DT_AHPB_APOC_SURV.csv
55,AHPB,APOC_ZOMB,/mnt/data/DT_AHPB_APOC_ZOMB.csv
56,AHPB,ELVN_WARR,/mnt/data/DT_AHPB_ELVN_WARR.csv
57,AHPB,FANT_KNGT,/mnt/data/DT_AHPB_FANT_KNGT.csv
58,AHPB,FANT_SKTN,/mnt/data/DT_AHPB_FANT_SKTN.csv
59,AHPB,GOBL_FIGT,/mnt/data/DT_AHPB_GOBL_FIGT.csv
60,AHPB,PIRT_CAPT,/mnt/data/DT_AHPB_PIRT_CAPT.csv
61,AHPB,SAMR_WARR,/mnt/data/DT_AHPB_SAMR_WARR.csv
62,AHPB,SCFI_CIVL,/mnt/data/DT_AHPB_SCFI_CIVL.csv
63,AHPB,SCFI_SOLD,/mnt/data/DT_AHPB_SCFI_SOLD.csv
64,AHPB,VIKG_WARR,/mnt/data/DT_AHPB_VIKG_WARR.csv
65,AHPF,APOC_OUTL,/mnt/data/DT_AHPF_APOC_OUTL.csv
66,AHPF,APOC_ZOMB,/mnt/data/DT_AHPF_APOC_ZOMB.csv
67,AHPF,ELVN_WARR,/mnt/data/DT_AHPF_ELVN_WARR.csv
68,AHPF,FANT_KNGT,/mnt/data/DT_AHPF_FANT_KNGT.csv
69,AHPF,FANT_SKTN,/mnt/data/DT_AHPF_FANT_SKTN.csv
70,AHPF,GOBL_FIGT,/mnt/data/DT_AHPF_GOBL_FIGT.csv
71,AHPF,PIRT_CAPT,/mnt/data/DT_AHPF_PIRT_CAPT.csv
72,AHPF,SAMR_WARR,/mnt/data/DT_AHPF_SAMR_WARR.csv
73,AHPF,SCFI_CIVL,/mnt/data/DT_AHPF_SCFI_CIVL.csv
74,AHPF,SCFI_SOLD,/mnt/data/DT_AHPF_SCFI_SOLD.csv
75,AHPF,VIKG_WARR,/mnt/data/DT_AHPF_VIKG_WARR.csv
76,AHPL,APOC_OUTL,/mnt/data/DT_AHPL_APOC_OUTL.csv
77,AHPL,APOC_SURV,/mnt/data/DT_AHPL_APOC_SURV.csv
78,AHPL,APOC_ZOMB,/mnt/data/DT_AHPL_APOC_ZOMB.csv
79,AHPL,ELVN_WARR,/mnt/data/DT_AHPL_ELVN_WARR.csv
80,AHPL,FANT_KNGT,/mnt/data/DT_AHPL_FANT_KNGT.csv
81,AHPL,FANT_SKTN,/mnt/data/DT_AHPL_FANT_SKTN.csv
82,AHPL,GOBL_FIGT,/mnt/data/DT_AHPL_GOBL_FIGT.csv
83,AHPL,PIRT_CAPT,/mnt/data/DT_AHPL_PIRT_CAPT.csv
84,AHPL,SAMR_WARR,/mnt/data/DT_AHPL_SAMR_WARR.csv
85,AHPL,SCFI_CIVL,/mnt/data/DT_AHPL_SCFI_CIVL.csv
86,AHPL,SCFI_SOLD,/mnt/data/DT_AHPL_SCFI_SOLD.csv
87,AHPL,VIKG_WARR,/mnt/data/DT_AHPL_VIKG_WARR.csv
88,AHPR,APOC_OUTL,/mnt/data/DT_AHPR_APOC_OUTL.csv
89,AHPR,APOC_SURV,/mnt/data/DT_AHPR_APOC_SURV.csv
90,AHPR,APOC_ZOMB,/mnt/data/DT_AHPR_APOC_ZOMB.csv
91,AHPR,ELVN_WARR,/mnt/data/DT_AHPR_ELVN_WARR.csv
92,AHPR,FANT_KNGT,/mnt/data/DT_AHPR_FANT_KNGT.csv
93,AHPR,FANT_SKTN,/mnt/data/DT_AHPR_FANT_SKTN.csv
94,AHPR,GOBL_FIGT,/mnt/data/DT_AHPR_GOBL_FIGT.csv
95,AHPR,PIRT_CAPT,/mnt/data/DT_AHPR_PIRT_CAPT.csv
96,AHPR,SAMR_WARR,/mnt/data/DT_AHPR_SAMR_WARR.csv
97,AHPR,SCFI_CIVL,/mnt/data/DT_AHPR_SCFI_CIVL.csv
98,AHPR,SCFI_SOLD,/mnt/data/DT_AHPR_SCFI_SOLD.csv
99,AHPR,VIKG_WARR,/mnt/data/DT_AHPR_VIKG_WARR.csv
100,AKNL,APOC_OUTL,/mnt/data/DT_AKNL_APOC_OUTL.csv
101,AKNL,ELVN_WARR,/mnt/data/DT_AKNL_ELVN_WARR.csv
102,AKNL,FANT_KNGT,/mnt/data/DT_AKNL_FANT_KNGT.csv
103,AKNL,FANT_SKTN,/mnt/data/DT_AKNL_FANT_SKTN.csv
104,AKNL,GOBL_FIGT,/mnt/data/DT_AKNL_GOBL_FIGT.csv
105,AKNL,SCFI_CIVL,/mnt/data/DT_AKNL_SCFI_CIVL.csv
106,AKNL,SCFI_SOLD,/mnt/data/DT_AKNL_SCFI_SOLD.csv
107,AKNL,VIKG_WARR,/mnt/data/DT_AKNL_VIKG_WARR.csv
108,AKNR,APOC_OUTL,/mnt/data/DT_AKNR_APOC_OUTL.csv
109,AKNR,ELVN_WARR,/mnt/data/DT_AKNR_ELVN_WARR.csv
110,AKNR,FANT_KNGT,/mnt/data/DT_AKNR_FANT_KNGT.csv
111,AKNR,FANT_SKTN,/mnt/data/DT_AKNR_FANT_SKTN.csv
112,AKNR,GOBL_FIGT,/mnt/data/DT_AKNR_GOBL_FIGT.csv
113,AKNR,SCFI_CIVL,/mnt/data/DT_AKNR_SCFI_CIVL.csv
114,AKNR,SCFI_SOLD,/mnt/data/DT_AKNR_SCFI_SOLD.csv
115,AKNR,VIKG_WARR,/mnt/data/DT_AKNR_VIKG_WARR.csv
116,ALWL,APOC_OUTL,/mnt/data/DT_ALWL_APOC_OUTL.csv
117,ALWL,APOC_SURV,/mnt/data/DT_ALWL_APOC_SURV.csv
118,ALWL,ELVN_BASE,/mnt/data/DT_ALWL_ELVN_BASE.csv
119,ALWL,ELVN_WARR,/mnt/data/DT_ALWL_ELVN_WARR.csv
120,ALWL,FANT_KNGT,/mnt/data/DT_ALWL_FANT_KNGT.csv
121,ALWL,FANT_SKTN,/mnt/data/DT_ALWL_FANT_SKTN.csv
122,ALWL,GOBL_BASE,/mnt/data/DT_ALWL_GOBL_BASE.csv
123,ALWL,GOBL_FIGT,/mnt/data/DT_ALWL_GOBL_FIGT.csv
124,ALWL,HUMN_BASE,/mnt/data/DT_ALWL_HUMN_BASE.csv
125,ALWL,PIRT_CAPT,/mnt/data/DT_ALWL_PIRT_CAPT.csv
126,ALWL,SAMR_WARR,/mnt/data/DT_ALWL_SAMR_WARR.csv
127,ALWL,SCFI_CIVL,/mnt/data/DT_ALWL_SCFI_CIVL.csv
128,ALWL,SCFI_SOLD,/mnt/data/DT_ALWL_SCFI_SOLD.csv
129,ALWL,SKTN_BASE,/mnt/data/DT_ALWL_SKTN_BASE.csv
130,ALWL,VIKG_WARR,/mnt/data/DT_ALWL_VIKG_WARR.csv
131,ALWL,ZOMB_BASE,/mnt/data/DT_ALWL_ZOMB_BASE.csv
132,ALWR,APOC_OUTL,/mnt/data/DT_ALWR_APOC_OUTL.csv
133,ALWR,APOC_SURV,/mnt/data/DT_ALWR_APOC_SURV.csv
134,ALWR,ELVN_BASE,/mnt/data/DT_ALWR_ELVN_BASE.csv
135,ALWR,ELVN_WARR,/mnt/data/DT_ALWR_ELVN_WARR.csv
136,ALWR,FANT_KNGT,/mnt/data/DT_ALWR_FANT_KNGT.csv
137,ALWR,FANT_SKTN,/mnt/data/DT_ALWR_FANT_SKTN.csv
138,ALWR,GOBL_BASE,/mnt/data/DT_ALWR_GOBL_BASE.csv
139,ALWR,GOBL_FIGT,/mnt/data/DT_ALWR_GOBL_FIGT.csv
140,ALWR,HUMN_BASE,/mnt/data/DT_ALWR_HUMN_BASE.csv
141,ALWR,PIRT_CAPT,/mnt/data/DT_ALWR_PIRT_CAPT.csv
142,ALWR,SAMR_WARR,/mnt/data/DT_ALWR_SAMR_WARR.csv
143,ALWR,SCFI_CIVL,/mnt/data/DT_ALWR_SCFI_CIVL.csv
144,ALWR,SCFI_SOLD,/mnt/data/DT_ALWR_SCFI_SOLD.csv
145,ALWR,SKTN_BASE,/mnt/data/DT_ALWR_SKTN_BASE.csv
146,ALWR,VIKG_WARR,/mnt/data/DT_ALWR_VIKG_WARR.csv
147,ALWR,ZOMB_BASE,/mnt/data/DT_ALWR_ZOMB_BASE.csv
148,ASHL,APOC_OUTL,/mnt/data/DT_ASHL_APOC_OUTL.csv
149,ASHL,APOC_ZOMB,/mnt/data/DT_ASHL_APOC_ZOMB.csv
150,ASHL,ELVN_WARR,/mnt/data/DT_ASHL_ELVN_WARR.csv
151,ASHL,FANT_KNGT,/mnt/data/DT_ASHL_FANT_KNGT.csv
152,ASHL,FANT_SKTN,/mnt/data/DT_ASHL_FANT_SKTN.csv
153,ASHL,GOBL_FIGT,/mnt/data/DT_ASHL_GOBL_FIGT.csv
154,ASHL,PIRT_CAPT,/mnt/data/DT_ASHL_PIRT_CAPT.csv
155,ASHL,SAMR_WARR,/mnt/data/DT_ASHL_SAMR_WARR.csv
156,ASHL,SCFI_CIVL,/mnt/data/DT_ASHL_SCFI_CIVL.csv
157,ASHL,SCFI_SOLD,/mnt/data/DT_ASHL_SCFI_SOLD.csv
158,ASHL,VIKG_WARR,/mnt/data/DT_ASHL_VIKG_WARR.csv
159,ASHR,APOC_OUTL,/mnt/data/DT_ASHR_APOC_OUTL.csv
160,ASHR,APOC_ZOMB,/mnt/data/DT_ASHR_APOC_ZOMB.csv
161,ASHR,ELVN_WARR,/mnt/data/DT_ASHR_ELVN_WARR.csv
162,ASHR,FANT_KNGT,/mnt/data/DT_ASHR_FANT_KNGT.csv
163,ASHR,FANT_SKTN,/mnt/data/DT_ASHR_FANT_SKTN.csv
164,ASHR,GOBL_FIGT,/mnt/data/DT_ASHR_GOBL_FIGT.csv
165,ASHR,PIRT_CAPT,/mnt/data/DT_ASHR_PIRT_CAPT.csv
166,ASHR,SAMR_WARR,/mnt/data/DT_ASHR_SAMR_WARR.csv
167,ASHR,SCFI_CIVL,/mnt/data/DT_ASHR_SCFI_CIVL.csv
168,ASHR,SCFI_SOLD,/mnt/data/DT_ASHR_SCFI_SOLD.csv
169,ASHR,VIKG_WARR,/mnt/data/DT_ASHR_VIKG_WARR.csv
170,AUPL,APOC_OUTL,/mnt/data/DT_AUPL_APOC_OUTL.csv
171,AUPL,APOC_SURV,/mnt/data/DT_AUPL_APOC_SURV.csv
172,AUPL,ELVN_BASE,/mnt/data/DT_AUPL_ELVN_BASE.csv
173,AUPL,ELVN_WARR,/mnt/data/DT_AUPL_ELVN_WARR.csv
174,AUPL,FANT_KNGT,/mnt/data/DT_AUPL_FANT_KNGT.csv
175,AUPL,FANT_SKTN,/mnt/data/DT_AUPL_FANT_SKTN.csv
176,AUPL,GOBL_BASE,/mnt/data/DT_AUPL_GOBL_BASE.csv
177,AUPL,GOBL_FIGT,/mnt/data/DT_AUPL_GOBL_FIGT.csv
178,AUPL,HUMN_BASE,/mnt/data/DT_AUPL_HUMN_BASE.csv
179,AUPL,PIRT_CAPT,/mnt/data/DT_AUPL_PIRT_CAPT.csv
180,AUPL,SAMR_WARR,/mnt/data/DT_AUPL_SAMR_WARR.csv
181,AUPL,SCFI_CIVL,/mnt/data/DT_AUPL_SCFI_CIVL.csv
182,AUPL,SCFI_SOLD,/mnt/data/DT_AUPL_SCFI_SOLD.csv
183,AUPL,SKTN_BASE,/mnt/data/DT_AUPL_SKTN_BASE.csv
184,AUPL,VIKG_WARR,/mnt/data/DT_AUPL_VIKG_WARR.csv
185,AUPL,ZOMB_BASE,/mnt/data/DT_AUPL_ZOMB_BASE.csv
186,AUPR,APOC_OUTL,/mnt/data/DT_AUPR_APOC_OUTL.csv
187,AUPR,APOC_SURV,/mnt/data/DT_AUPR_APOC_SURV.csv
188,AUPR,ELVN_BASE,/mnt/data/DT_AUPR_ELVN_BASE.csv
189,AUPR,ELVN_WARR,/mnt/data/DT_AUPR_ELVN_WARR.csv
190,AUPR,FANT_KNGT,/mnt/data/DT_AUPR_FANT_KNGT.csv
191,AUPR,FANT_SKTN,/mnt/data/DT_AUPR_FANT_SKTN.csv
192,AUPR,GOBL_BASE,/mnt/data/DT_AUPR_GOBL_BASE.csv
193,AUPR,GOBL_FIGT,/mnt/data/DT_AUPR_GOBL_FIGT.csv
194,AUPR,HUMN_BASE,/mnt/data/DT_AUPR_HUMN_BASE.csv
195,AUPR,PIRT_CAPT,/mnt/data/DT_AUPR_PIRT_CAPT.csv
196,AUPR,SAMR_WARR,/mnt/data/DT_AUPR_SAMR_WARR.csv
197,AUPR,SCFI_CIVL,/mnt/data/DT_AUPR_SCFI_CIVL.csv
198,AUPR,SCFI_SOLD,/mnt/data/DT_AUPR_SCFI_SOLD.csv
199,AUPR,SKTN_BASE,/mnt/data/DT_AUPR_SKTN_BASE.csv
200,AUPR,VIKG_WARR,/mnt/data/DT_AUPR_VIKG_WARR.csv
201,AUPR,ZOMB_BASE,/mnt/data/DT_AUPR_ZOMB_BASE.csv
202,EARL,APOC_OUTL,/mnt/data/DT_EARL_APOC_OUTL.csv
203,EARL,ELVN_BASE,/mnt/data/DT_EARL_ELVN_BASE.csv
204,EARL,ELVN_WARR,/mnt/data/DT_EARL_ELVN_WARR.csv
205,EARL,GOBL_BASE,/mnt/data/DT_EARL_GOBL_BASE.csv
206,EARL,GOBL_FIGT,/mnt/data/DT_EARL_GOBL_FIGT.csv
207,EARL,HUMN_BASE,/mnt/data/DT_EARL_HUMN_BASE.csv
208,EARL,PIRT_CAPT,/mnt/data/DT_EARL_PIRT_CAPT.csv
209,EARL,SCFI_SOLD,/mnt/data/DT_EARL_SCFI_SOLD.csv
210,EARL,ZOMB_BASE,/mnt/data/DT_EARL_ZOMB_BASE.csv
211,EARR,APOC_OUTL,/mnt/data/DT_EARR_APOC_OUTL.csv
212,EARR,ELVN_BASE,/mnt/data/DT_EARR_ELVN_BASE.csv
213,EARR,ELVN_WARR,/mnt/data/DT_EARR_ELVN_WARR.csv
214,EARR,GOBL_BASE,/mnt/data/DT_EARR_GOBL_BASE.csv
215,EARR,GOBL_FIGT,/mnt/data/DT_EARR_GOBL_FIGT.csv
216,EARR,HUMN_BASE,/mnt/data/DT_EARR_HUMN_BASE.csv
217,EARR,PIRT_CAPT,/mnt/data/DT_EARR_PIRT_CAPT.csv
218,EARR,SCFI_SOLD,/mnt/data/DT_EARR_SCFI_SOLD.csv
219,EARR,ZOMB_BASE,/mnt/data/DT_EARR_ZOMB_BASE.csv
220,EBRL,APOC_OUTL,/mnt/data/DT_EBRL_APOC_OUTL.csv
221,EBRL,ELVN_WARR,/mnt/data/DT_EBRL_ELVN_WARR.csv
222,EBRL,GOBL_BASE,/mnt/data/DT_EBRL_GOBL_BASE.csv
223,EBRL,GOBL_FIGT,/mnt/data/DT_EBRL_GOBL_FIGT.csv
224,EBRL,HUMN_BASE,/mnt/data/DT_EBRL_HUMN_BASE.csv
225,EBRL,PIRT_CAPT,/mnt/data/DT_EBRL_PIRT_CAPT.csv
226,EBRL,SAMR_WARR,/mnt/data/DT_EBRL_SAMR_WARR.csv
227,EBRL,SCFI_SOLD,/mnt/data/DT_EBRL_SCFI_SOLD.csv
228,EBRL,ZOMB_BASE,/mnt/data/DT_EBRL_ZOMB_BASE.csv
229,EBRR,APOC_OUTL,/mnt/data/DT_EBRR_APOC_OUTL.csv
230,EBRR,ELVN_WARR,/mnt/data/DT_EBRR_ELVN_WARR.csv
231,EBRR,GOBL_BASE,/mnt/data/DT_EBRR_GOBL_BASE.csv
232,EBRR,GOBL_FIGT,/mnt/data/DT_EBRR_GOBL_FIGT.csv
233,EBRR,HUMN_BASE,/mnt/data/DT_EBRR_HUMN_BASE.csv
234,EBRR,PIRT_CAPT,/mnt/data/DT_EBRR_PIRT_CAPT.csv
235,EBRR,SAMR_WARR,/mnt/data/DT_EBRR_SAMR_WARR.csv
236,EBRR,SCFI_SOLD,/mnt/data/DT_EBRR_SCFI_SOLD.csv
237,EBRR,ZOMB_BASE,/mnt/data/DT_EBRR_ZOMB_BASE.csv
238,EYEL,ELVN_BASE,/mnt/data/DT_EYEL_ELVN_BASE.csv
239,EYEL,GOBL_BASE,/mnt/data/DT_EYEL_GOBL_BASE.csv
240,EYEL,HUMN_BASE,/mnt/data/DT_EYEL_HUMN_BASE.csv
241,EYEL,SKTN_BASE,/mnt/data/DT_EYEL_SKTN_BASE.csv
242,EYEL,ZOMB_BASE,/mnt/data/DT_EYEL_ZOMB_BASE.csv
243,EYER,ELVN_BASE,/mnt/data/DT_EYER_ELVN_BASE.csv
244,EYER,GOBL_BASE,/mnt/data/DT_EYER_GOBL_BASE.csv
245,EYER,HUMN_BASE,/mnt/data/DT_EYER_HUMN_BASE.csv
246,EYER,SKTN_BASE,/mnt/data/DT_EYER_SKTN_BASE.csv
247,EYER,ZOMB_BASE,/mnt/data/DT_EYER_ZOMB_BASE.csv
248,FCHR,APOC_OUTL,/mnt/data/DT_FCHR_APOC_OUTL.csv
249,FCHR,FANT_KNGT,/mnt/data/DT_FCHR_FANT_KNGT.csv
250,FCHR,GOBL_BASE,/mnt/data/DT_FCHR_GOBL_BASE.csv
251,FCHR,GOBL_FIGT,/mnt/data/DT_FCHR_GOBL_FIGT.csv
252,FCHR,HUMN_BASE,/mnt/data/DT_FCHR_HUMN_BASE.csv
253,FCHR,PIRT_CAPT,/mnt/data/DT_FCHR_PIRT_CAPT.csv
254,FCHR,SAMR_WARR,/mnt/data/DT_FCHR_SAMR_WARR.csv
255,FCHR,SCFI_CIVL,/mnt/data/DT_FCHR_SCFI_CIVL.csv
256,FCHR,SCFI_SOLD,/mnt/data/DT_FCHR_SCFI_SOLD.csv
257,FCHR,VIKG_WARR,/mnt/data/DT_FCHR_VIKG_WARR.csv
258,FCHR,ZOMB_BASE,/mnt/data/DT_FCHR_ZOMB_BASE.csv
259,FOTL,APOC_OUTL,/mnt/data/DT_FOTL_APOC_OUTL.csv
260,FOTL,APOC_SURV,/mnt/data/DT_FOTL_APOC_SURV.csv
261,FOTL,ELVN_BASE,/mnt/data/DT_FOTL_ELVN_BASE.csv
262,FOTL,ELVN_WARR,/mnt/data/DT_FOTL_ELVN_WARR.csv
263,FOTL,FANT_KNGT,/mnt/data/DT_FOTL_FANT_KNGT.csv
264,FOTL,FANT_SKTN,/mnt/data/DT_FOTL_FANT_SKTN.csv
265,FOTL,GOBL_BASE,/mnt/data/DT_FOTL_GOBL_BASE.csv
266,FOTL,GOBL_FIGT,/mnt/data/DT_FOTL_GOBL_FIGT.csv
267,FOTL,HUMN_BASE,/mnt/data/DT_FOTL_HUMN_BASE.csv
268,FOTL,PIRT_CAPT,/mnt/data/DT_FOTL_PIRT_CAPT.csv
269,FOTL,SAMR_WARR,/mnt/data/DT_FOTL_SAMR_WARR.csv
270,FOTL,SCFI_CIVL,/mnt/data/DT_FOTL_SCFI_CIVL.csv
271,FOTL,SCFI_SOLD,/mnt/data/DT_FOTL_SCFI_SOLD.csv
272,FOTL,SKTN_BASE,/mnt/data/DT_FOTL_SKTN_BASE.csv
273,FOTL,VIKG_WARR,/mnt/data/DT_FOTL_VIKG_WARR.csv
274,FOTL,ZOMB_BASE,/mnt/data/DT_FOTL_ZOMB_BASE.csv
275,FOTR,APOC_OUTL,/mnt/data/DT_FOTR_APOC_OUTL.csv
276,FOTR,APOC_SURV,/mnt/data/DT_FOTR_APOC_SURV.csv
277,FOTR,ELVN_BASE,/mnt/data/DT_FOTR_ELVN_BASE.csv
278,FOTR,ELVN_WARR,/mnt/data/DT_FOTR_ELVN_WARR.csv
279,FOTR,FANT_KNGT,/mnt/data/DT_FOTR_FANT_KNGT.csv
280,FOTR,FANT_SKTN,/mnt/data/DT_FOTR_FANT_SKTN.csv
281,FOTR,GOBL_BASE,/mnt/data/DT_FOTR_GOBL_BASE.csv
282,FOTR,GOBL_FIGT,/mnt/data/DT_FOTR_GOBL_FIGT.csv
283,FOTR,HUMN_BASE,/mnt/data/DT_FOTR_HUMN_BASE.csv
284,FOTR,PIRT_CAPT,/mnt/data/DT_FOTR_PIRT_CAPT.csv
285,FOTR,SAMR_WARR,/mnt/data/DT_FOTR_SAMR_WARR.csv
286,FOTR,SCFI_CIVL,/mnt/data/DT_FOTR_SCFI_CIVL.csv
287,FOTR,SCFI_SOLD,/mnt/data/DT_FOTR_SCFI_SOLD.csv
288,FOTR,SKTN_BASE,/mnt/data/DT_FOTR_SKTN_BASE.csv
289,FOTR,VIKG_WARR,/mnt/data/DT_FOTR_VIKG_WARR.csv
290,FOTR,ZOMB_BASE,/mnt/data/DT_FOTR_ZOMB_BASE.csv
291,HAIR,APOC_OUTL,/mnt/data/DT_HAIR_APOC_OUTL.csv
292,HAIR,APOC_SURV,/mnt/data/DT_HAIR_APOC_SURV.csv
293,HAIR,ELVN_WARR,/mnt/data/DT_HAIR_ELVN_WARR.csv
294,HAIR,FANT_KNGT,/mnt/data/DT_HAIR_FANT_KNGT.csv
295,HAIR,GOBL_BASE,/mnt/data/DT_HAIR_GOBL_BASE.csv
296,HAIR,GOBL_FIGT,/mnt/data/DT_HAIR_GOBL_FIGT.csv
297,HAIR,HUMN_BASE,/mnt/data/DT_HAIR_HUMN_BASE.csv
298,HAIR,PIRT_CAPT,/mnt/data/DT_HAIR_PIRT_CAPT.csv
299,HAIR,SAMR_WARR,/mnt/data/DT_HAIR_SAMR_WARR.csv
300,HAIR,SCFI_CIVL,/mnt/data/DT_HAIR_SCFI_CIVL.csv
301,HAIR,SCFI_SOLD,/mnt/data/DT_HAIR_SCFI_SOLD.csv
302,HAIR,VIKG_WARR,/mnt/data/DT_HAIR_VIKG_WARR.csv
303,HAIR,ZOMB_BASE,/mnt/data/DT_HAIR_ZOMB_BASE.csv
304,HEAD,ELVN_BASE,/mnt/data/DT_HEAD_ELVN_BASE.csv
305,HEAD,GOBL_BASE,/mnt/data/DT_HEAD_GOBL_BASE.csv
306,HEAD,HUMN_BASE,/mnt/data/DT_HEAD_HUMN_BASE.csv
307,HEAD,SKTN_BASE,/mnt/data/DT_HEAD_SKTN_BASE.csv
308,HEAD,ZOMB_BASE,/mnt/data/DT_HEAD_ZOMB_BASE.csv
309,HIPS,APOC_OUTL,/mnt/data/DT_HIPS_APOC_OUTL.csv
310,HIPS,APOC_SURV,/mnt/data/DT_HIPS_APOC_SURV.csv
311,HIPS,ELVN_BASE,/mnt/data/DT_HIPS_ELVN_BASE.csv
312,HIPS,ELVN_WARR,/mnt/data/DT_HIPS_ELVN_WARR.csv
313,HIPS,FANT_KNGT,/mnt/data/DT_HIPS_FANT_KNGT.csv
314,HIPS,FANT_SKTN,/mnt/data/DT_HIPS_FANT_SKTN.csv
315,HIPS,GOBL_BASE,/mnt/data/DT_HIPS_GOBL_BASE.csv
316,HIPS,GOBL_FIGT,/mnt/data/DT_HIPS_GOBL_FIGT.csv
317,HIPS,HUMN_BASE,/mnt/data/DT_HIPS_HUMN_BASE.csv
318,HIPS,PIRT_CAPT,/mnt/data/DT_HIPS_PIRT_CAPT.csv
319,HIPS,SAMR_WARR,/mnt/data/DT_HIPS_SAMR_WARR.csv
320,HIPS,SCFI_CIVL,/mnt/data/DT_HIPS_SCFI_CIVL.csv
321,HIPS,SCFI_SOLD,/mnt/data/DT_HIPS_SCFI_SOLD.csv
322,HIPS,SKTN_BASE,/mnt/data/DT_HIPS_SKTN_BASE.csv
323,HIPS,VIKG_WARR,/mnt/data/DT_HIPS_VIKG_WARR.csv
324,HIPS,ZOMB_BASE,/mnt/data/DT_HIPS_ZOMB_BASE.csv
325,HNDL,APOC_OUTL,/mnt/data/DT_HNDL_APOC_OUTL.csv
326,HNDL,APOC_SURV,/mnt/data/DT_HNDL_APOC_SURV.csv
327,HNDL,ELVN_BASE,/mnt/data/DT_HNDL_ELVN_BASE.csv
328,HNDL,ELVN_WARR,/mnt/data/DT_HNDL_ELVN_WARR.csv
329,HNDL,FANT_KNGT,/mnt/data/DT_HNDL_FANT_KNGT.csv
330,HNDL,FANT_SKTN,/mnt/data/DT_HNDL_FANT_SKTN.csv
331,HNDL,GOBL_BASE,/mnt/data/DT_HNDL_GOBL_BASE.csv
332,HNDL,GOBL_FIGT,/mnt/data/DT_HNDL_GOBL_FIGT.csv
333,HNDL,HUMN_BASE,/mnt/data/DT_HNDL_HUMN_BASE.csv
334,HNDL,PIRT_CAPT,/mnt/data/DT_HNDL_PIRT_CAPT.csv
335,HNDL,SAMR_WARR,/mnt/data/DT_HNDL_SAMR_WARR.csv
336,HNDL,SCFI_CIVL,/mnt/data/DT_HNDL_SCFI_CIVL.csv
337,HNDL,SCFI_SOLD,/mnt/data/DT_HNDL_SCFI_SOLD.csv
338,HNDL,SKTN_BASE,/mnt/data/DT_HNDL_SKTN_BASE.csv
339,HNDL,VIKG_WARR,/mnt/data/DT_HNDL_VIKG_WARR.csv
340,HNDL,ZOMB_BASE,/mnt/data/DT_HNDL_ZOMB_BASE.csv
341,HNDR,APOC_OUTL,/mnt/data/DT_HNDR_APOC_OUTL.csv
342,HNDR,APOC_SURV,/mnt/data/DT_HNDR_APOC_SURV.csv
343,HNDR,ELVN_BASE,/mnt/data/DT_HNDR_ELVN_BASE.csv
344,HNDR,ELVN_WARR,/mnt/data/DT_HNDR_ELVN_WARR.csv
345,HNDR,FANT_KNGT,/mnt/data/DT_HNDR_FANT_KNGT.csv
346,HNDR,FANT_SKTN,/mnt/data/DT_HNDR_FANT_SKTN.csv
347,HNDR,GOBL_BASE,/mnt/data/DT_HNDR_GOBL_BASE.csv
348,HNDR,GOBL_FIGT,/mnt/data/DT_HNDR_GOBL_FIGT.csv
349,HNDR,HUMN_BASE,/mnt/data/DT_HNDR_HUMN_BASE.csv
350,HNDR,PIRT_CAPT,/mnt/data/DT_HNDR_PIRT_CAPT.csv
351,HNDR,SAMR_WARR,/mnt/data/DT_HNDR_SAMR_WARR.csv
352,HNDR,SCFI_CIVL,/mnt/data/DT_HNDR_SCFI_CIVL.csv
353,HNDR,SCFI_SOLD,/mnt/data/DT_HNDR_SCFI_SOLD.csv
354,HNDR,SKTN_BASE,/mnt/data/DT_HNDR_SKTN_BASE.csv
355,HNDR,VIKG_WARR,/mnt/data/DT_HNDR_VIKG_WARR.csv
356,HNDR,ZOMB_BASE,/mnt/data/DT_HNDR_ZOMB_BASE.csv
357,LEGL,APOC_OUTL,/mnt/data/DT_LEGL_APOC_OUTL.csv
358,LEGL,APOC_SURV,/mnt/data/DT_LEGL_APOC_SURV.csv
359,LEGL,ELVN_BASE,/mnt/data/DT_LEGL_ELVN_BASE.csv
360,LEGL,ELVN_WARR,/mnt/data/DT_LEGL_ELVN_WARR.csv
361,LEGL,FANT_KNGT,/mnt/data/DT_LEGL_FANT_KNGT.csv
362,LEGL,FANT_SKTN,/mnt/data/DT_LEGL_FANT_SKTN.csv
363,LEGL,GOBL_BASE,/mnt/data/DT_LEGL_GOBL_BASE.csv
364,LEGL,GOBL_FIGT,/mnt/data/DT_LEGL_GOBL_FIGT.csv
365,LEGL,HUMN_BASE,/mnt/data/DT_LEGL_HUMN_BASE.csv
366,LEGL,PIRT_CAPT,/mnt/data/DT_LEGL_PIRT_CAPT.csv
367,LEGL,SAMR_WARR,/mnt/data/DT_LEGL_SAMR_WARR.csv
368,LEGL,SCFI_CIVL,/mnt/data/DT_LEGL_SCFI_CIVL.csv
369,LEGL,SCFI_SOLD,/mnt/data/DT_LEGL_SCFI_SOLD.csv
370,LEGL,SKTN_BASE,/mnt/data/DT_LEGL_SKTN_BASE.csv
371,LEGL,VIKG_WARR,/mnt/data/DT_LEGL_VIKG_WARR.csv
372,LEGL,ZOMB_BASE,/mnt/data/DT_LEGL_ZOMB_BASE.csv
373,LEGR,APOC_OUTL,/mnt/data/DT_LEGR_APOC_OUTL.csv
374,LEGR,APOC_SURV,/mnt/data/DT_LEGR_APOC_SURV.csv
375,LEGR,ELVN_BASE,/mnt/data/DT_LEGR_ELVN_BASE.csv
376,LEGR,ELVN_WARR,/mnt/data/DT_LEGR_ELVN_WARR.csv
377,LEGR,FANT_KNGT,/mnt/data/DT_LEGR_FANT_KNGT.csv
378,LEGR,FANT_SKTN,/mnt/data/DT_LEGR_FANT_SKTN.csv
379,LEGR,GOBL_BASE,/mnt/data/DT_LEGR_GOBL_BASE.csv
380,LEGR,GOBL_FIGT,/mnt/data/DT_LEGR_GOBL_FIGT.csv
381,LEGR,HUMN_BASE,/mnt/data/DT_LEGR_HUMN_BASE.csv
382,LEGR,PIRT_CAPT,/mnt/data/DT_LEGR_PIRT_CAPT.csv
383,LEGR,SAMR_WARR,/mnt/data/DT_LEGR_SAMR_WARR.csv
384,LEGR,SCFI_CIVL,/mnt/data/DT_LEGR_SCFI_CIVL.csv
385,LEGR,SCFI_SOLD,/mnt/data/DT_LEGR_SCFI_SOLD.csv
386,LEGR,SKTN_BASE,/mnt/data/DT_LEGR_SKTN_BASE.csv
387,LEGR,VIKG_WARR,/mnt/data/DT_LEGR_VIKG_WARR.csv
388,LEGR,ZOMB_BASE,/mnt/data/DT_LEGR_ZOMB_BASE.csv
389,NOSE,APOC_OUTL,/mnt/data/DT_NOSE_APOC_OUTL.csv
390,NOSE,ELVN_BASE,/mnt/data/DT_NOSE_ELVN_BASE.csv
391,NOSE,GOBL_BASE,/mnt/data/DT_NOSE_GOBL_BASE.csv
392,NOSE,GOBL_FIGT,/mnt/data/DT_NOSE_GOBL_FIGT.csv
393,NOSE,HUMN_BASE,/mnt/data/DT_NOSE_HUMN_BASE.csv
394,NOSE,PIRT_CAPT,/mnt/data/DT_NOSE_PIRT_CAPT.csv
395,NOSE,SCFI_SOLD,/mnt/data/DT_NOSE_SCFI_SOLD.csv
396,NOSE,ZOMB_BASE,/mnt/data/DT_NOSE_ZOMB_BASE.csv
397,TETH,APOC_OUTL,/mnt/data/DT_TETH_APOC_OUTL.csv
398,TETH,ELVN_BASE,/mnt/data/DT_TETH_ELVN_BASE.csv
399,TETH,GOBL_BASE,/mnt/data/DT_TETH_GOBL_BASE.csv
400,TETH,GOBL_FIGT,/mnt/data/DT_TETH_GOBL_FIGT.csv
401,TETH,HUMN_BASE,/mnt/data/DT_TETH_HUMN_BASE.csv
402,TETH,PIRT_CAPT,/mnt/data/DT_TETH_PIRT_CAPT.csv
403,TETH,SCFI_SOLD,/mnt/data/DT_TETH_SCFI_SOLD.csv
404,TETH,SKTN_BASE,/mnt/data/DT_TETH_SKTN_BASE.csv
405,TETH,ZOMB_BASE,/mnt/data/DT_TETH_ZOMB_BASE.csv
406,TONG,ELVN_BASE,/mnt/data/DT_TONG_ELVN_BASE.csv
407,TONG,GOBL_BASE,/mnt/data/DT_TONG_GOBL_BASE.csv
408,TONG,HUMN_BASE,/mnt/data/DT_TONG_HUMN_BASE.csv
409,TONG,ZOMB_BASE,/mnt/data/DT_TONG_ZOMB_BASE.csv
410,TORS,APOC_OUTL,/mnt/data/DT_TORS_APOC_OUTL.csv
411,TORS,APOC_SURV,/mnt/data/DT_TORS_APOC_SURV.csv
412,TORS,ELVN_BASE,/mnt/data/DT_TORS_ELVN_BASE.csv
413,TORS,ELVN_WARR,/mnt/data/DT_TORS_ELVN_WARR.csv
414,TORS,FANT_KNGT,/mnt/data/DT_TORS_FANT_KNGT.csv
415,TORS,FANT_SKTN,/mnt/data/DT_TORS_FANT_SKTN.csv
416,TORS,GOBL_BASE,/mnt/data/DT_TORS_GOBL_BASE.csv
417,TORS,GOBL_FIGT,/mnt/data/DT_TORS_GOBL_FIGT.csv
418,TORS,HUMN_BASE,/mnt/data/DT_TORS_HUMN_BASE.csv
419,TORS,PIRT_CAPT,/mnt/data/DT_TORS_PIRT_CAPT.csv
420,TORS,SAMR_WARR,/mnt/data/DT_TORS_SAMR_WARR.csv
421,TORS,SCFI_CIVL,/mnt/data/DT_TORS_SCFI_CIVL.csv
422,TORS,SCFI_SOLD,/mnt/data/DT_TORS_SCFI_SOLD.csv
423,TORS,SKTN_BASE,/mnt/data/DT_TORS_SKTN_BASE.csv
424,TORS,VIKG_WARR,/mnt/data/DT_TORS_VIKG_WARR.csv
425,TORS,ZOMB_BASE,/mnt/data/DT_TORS_ZOMB_BASE.csv
426,WRAP,ELVN_BASE,/mnt/data/DT_WRAP_ELVN_BASE.csv
427,WRAP,GOBL_BASE,/mnt/data/DT_WRAP_GOBL_BASE.csv
428,WRAP,HUMN_BASE,/mnt/data/DT_WRAP_HUMN_BASE.csv
429,WRAP,ZOMB_BASE,/mnt/data/DT_WRAP_ZOMB_BASE.csv
